nr;liste;type;filnavn;mal;bilder;nokler
11a;Veggene;tekstur;vegg_panel_3.png;;1;vegg_panel_3
11b;Veggene;tekstur;vegg_panel_4.png;;1;vegg_panel_4
11c;Veggene;tekstur;vegg_panel_6.png;;1;vegg_panel_6
11d;Veggene;tekstur;vegg_polstret.png;;1;vegg_polstret
11e;Veggene;tekstur;vegg_tre.png;;1;vegg_tre
11f;Veggene;tekstur;vegg_paviljong.png;;1;vegg_paviljong
11g;Veggene;tekstur;vegg_tommer.png;;1;vegg_tommer
11h;Veggene;tekstur;vegg_gjerde.png;;1;vegg_gjerde
11i;Veggene;tekstur;vegg_forheng.png;;1;vegg_forheng
12a;Gulvene inne;tekstur;gulv_planker.png;;1;gulv_planker
12b;Gulvene inne;tekstur;gulv_sjakk.png;;1;gulv_sjakk
12c;Gulvene inne;tekstur;gulv_sjakk_3.png;;1;gulv_sjakk_3
12d;Gulvene inne;tekstur;gulv_sjakk_4.png;;1;gulv_sjakk_4
12e;Gulvene inne;tekstur;gulv_sjakk_6.png;;1;gulv_sjakk_6
12f;Gulvene inne;tekstur;gulv_planker_3.png;;1;gulv_planker_3
12g;Gulvene inne;tekstur;gulv_planker_4.png;;1;gulv_planker_4
12h;Gulvene inne;tekstur;gulv_planker_6.png;;1;gulv_planker_6
12i;Gulvene inne;tekstur;gulv_tre.png;;1;gulv_tre
12j;Gulvene inne;tekstur;gulv_parkett.png;;1;gulv_parkett
12k;Gulvene inne;tekstur;gulv_linoleum.png;;1;gulv_linoleum
12l;Gulvene inne;tekstur;gulv_fliser.png;;1;gulv_fliser
12m;Gulvene inne;tekstur;gulv_sekskant.png;;1;gulv_sekskant
12n;Gulvene inne;tekstur;gulv_stein.png;;1;gulv_stein
12o;Gulvene inne;tekstur;gulv_betong.png;;1;gulv_betong
12p;Gulvene inne;tekstur;gulv_sikksakk.png;;1;gulv_sikksakk
